Company,Levy Group,Effective Date,Fuel Surcharge,,,,,,,
Airroad Pty Ltd,Customer A 1.15,27/04/2026,47.27%,,,,,,,
Allied Overnight Express Pty Ltd,Customer B 1.10,27/04/2026,51.66%,,,,,,,
Amalgamated National Logistics,Customer B 1.10,27/04/2026,51.66%,,,,,,,
Aramex Linehaul Australia Pty Ltd,Customer B 1.10,27/04/2026,51.66%,,,,,,,
Bluestar Logistics Pty Ltd,Customer B 1.10,27/04/2026,51.66%,,,,,,,
Cahill Transport,Customer B 1.10,27/04/2026,51.66%,,,,,,,
Direct Freight Express Pty Ltd,Customer B 1.10,27/04/2026,51.66%,,,,,,,
Dux Manufacturing Ltd,Customer B 1.10,27/04/2026,51.66%,,,,,,,
Farm Balance Pty Ltd,Customer B 1.10,27/04/2026,51.66%,,,,,,,
Freight Specialists Pty Ltd,Customer B 1.10,27/04/2026,50.71%,,,,,,,
G&G Gippsland Pty Ltd,Contractor A GFE,27/04/2026,34.48%,,,,,,,
Hi Trans Express Pty Ltd,Customer A 1.15,27/04/2026,48.18%,,,,,,,
Hunter Express,Customer A 1.15,27/04/2026,47.27%,,,,,,,
Lakes Entrance Delivery Services,Contractor D LEDS,27/04/2026,20.49%,,,,,,,
Materia Family Trust,Contractor B Materia,27/04/2026,29.51%,,,,,,,
Northline Partnership,Customer A 1.15,27/04/2026,48.18%,,,,,,,
SRK Transport,Contractor C SRK,27/04/2026,37.99%,,,,,,,
Team Global Express Pty Ltd,Customer A 1.15,27/04/2026,48.18%,,,,,,,
TFMXPRESS Pty Ltd,Customer B 1.10,27/04/2026,51.66%,,,,,,,
Total Logistics Solutions (Australia) Pty Ltd,Customer A 1.15,27/04/2026,48.18%,,,,,,,
Vellex Logistics Pty Ltd,Customer A 1.15,27/04/2026,48.18%,,,,,,,
Wettenhalls Regional Express Pty Ltd,Customer B 1.10,27/04/2026,51.66%,,,,,,,
Airroad Pty Ltd,Customer A 1.15,20/04/2026,49.67%,,,,,,,
Allied Overnight Express Pty Ltd,Customer B 1.10,20/04/2026,54.18%,,,,,,,
Amalgamated National Logistics,Customer B 1.10,20/04/2026,54.18%,,,,,,,
Aramex Linehaul Australia Pty Ltd,Customer B 1.10,20/04/2026,54.18%,,,,,,,
Bluestar Logistics Pty Ltd,Customer B 1.10,20/04/2026,54.18%,,,,,,,
Cahill Transport,Customer B 1.10,20/04/2026,54.18%,,,,,,,
D & E Valley Freight,Contractor A GFE,20/04/2026,36.46%,,,,,,,
Direct Freight Express Pty Ltd,Customer B 1.10,20/04/2026,54.18%,,,,,,,
Dux Manufacturing Ltd,Customer B 1.10,20/04/2026,54.18%,,,,,,,
Farm Balance Pty Ltd,Customer B 1.10,20/04/2026,54.18%,,,,,,,
Freight Specialists Pty Ltd,Customer B 1.10,20/04/2026,53.23%,,,,,,,
G&G Gippsland Pty Ltd,Contractor A GFE,20/04/2026,36.46%,,,,,,,
Hi Trans Express Pty Ltd,Customer A 1.15,20/04/2026,50.58%,,,,,,,
Hunter Express,Customer A 1.15,20/04/2026,49.67%,,,,,,,
Lakes Entrance Delivery Services,Contractor D LEDS,20/04/2026,22.02%,,,,,,,
Materia Family Trust,Contractor B Materia,20/04/2026,31.37%,,,,,,,
Northline Partnership,Customer A 1.15,20/04/2026,50.58%,,,,,,,
SRK Transport,Contractor C SRK,20/04/2026,40.12%,,,,,,,
Team Global Express Pty Ltd,Customer A 1.15,20/04/2026,50.58%,,,,,,,
TFMXPRESS Pty Ltd,Customer B 1.10,20/04/2026,54.18%,,,,,,,
Total Logistics Solutions (Australia) Pty Ltd,Customer A 1.15,20/04/2026,50.58%,,,,,,,
Vellex Logistics Pty Ltd,Customer A 1.15,20/04/2026,50.58%,,,,,,,
Wettenhalls Regional Express Pty Ltd,Customer B 1.10,20/04/2026,54.18%,,,,,,,
Airroad Pty Ltd,Customer A 1.15,13/04/2026,49.07%,,,,,,,
Allied Overnight Express Pty Ltd,Customer B 1.10,13/04/2026,52.60%,,,,,,,
Amalgamated National Logistics,Customer B 1.10,13/04/2026,52.60%,,,,,,,
Aramex Linehaul Australia Pty Ltd,Customer B 1.10,13/04/2026,52.60%,,,,,,,
Bluestar Logistics Pty Ltd,Customer B 1.10,13/04/2026,52.60%,,,,,,,
Cahill Transport,Customer B 1.10,13/04/2026,52.60%,,,,,,,
D & E Valley Freight,Contractor A GFE,13/04/2026,35.22%,,,,,,,
Direct Freight Express Pty Ltd,Customer B 1.10,13/04/2026,52.60%,,,,,,,
Dux Manufacturing Ltd,Customer B 1.10,13/04/2026,52.60%,,,,,,,
Farm Balance Pty Ltd,Customer B 1.10,13/04/2026,52.60%,,,,,,,
Freight Specialists Pty Ltd,Customer B 1.10,13/04/2026,51.65%,,,,,,,
G&G Gippsland Pty Ltd,Contractor A GFE,13/04/2026,35.22%,,,,,,,
Hi Trans Express Pty Ltd,Customer A 1.15,13/04/2026,49.07%,,,,,,,
Hunter Express,Customer A 1.15,13/04/2026,48.16%,,,,,,,
Lakes Entrance Delivery Services,Contractor D LEDS,13/04/2026,21.06%,,,,,,,
Materia Family Trust,Contractor B Materia,13/04/2026,30.20%,,,,,,,
Northline Partnership,Customer A 1.15,13/04/2026,49.07%,,,,,,,
SRK Transport,Contractor C SRK,13/04/2026,38.78%,,,,,,,
Team Global Express Pty Ltd,Customer A 1.15,13/04/2026,49.07%,,,,,,,
TFMXPRESS Pty Ltd,Customer B 1.10,13/04/2026,52.60%,,,,,,,
Total Logistics Solutions (Australia) Pty Ltd,Customer A 1.15,13/04/2026,49.07%,,,,,,,
Vellex Logistics Pty Ltd,Customer A 1.15,13/04/2026,49.07%,,,,,,,
Wettenhalls Regional Express Pty Ltd,Customer B 1.10,13/04/2026,52.60%,,,,,,,
Airroad Pty Ltd,Customer A 1.15,6/04/2026,48.00%,,,,,,,
Allied Overnight Express Pty Ltd,Customer B 1.10,6/04/2026,51.48%,,,,,,,
Amalgamated National Logistics,Customer B 1.10,6/04/2026,51.48%,,,,,,,
Aramex Linehaul Australia Pty Ltd,Customer B 1.10,6/04/2026,51.48%,,,,,,,
Bluestar Logistics Pty Ltd,Customer B 1.10,6/04/2026,51.48%,,,,,,,
Cahill Transport,Customer B 1.10,6/04/2026,51.48%,,,,,,,
Direct Freight Express Pty Ltd,Customer B 1.10,6/04/2026,51.48%,,,,,,,
Dux Manufacturing Ltd,Customer B 1.10,6/04/2026,51.48%,,,,,,,
Farm Balance Pty Ltd,Customer B 1.10,6/04/2026,51.48%,,,,,,,
Freight Specialists Pty Ltd,Customer B 1.10,6/04/2026,51.48%,,,,,,,
G&G Gippsland Pty Ltd,Contractor A GFE,6/04/2026,34.34%,,,,,,,
Hi Trans Express Pty Ltd,Customer A 1.15,6/04/2026,48.00%,,,,,,,
Hunter Express,Customer A 1.15,6/04/2026,48.00%,,,,,,,
Lakes Entrance Delivery Services,Contractor D LEDS,6/04/2026,20.38%,,,,,,,
Materia Family Trust,Contractor B Materia,6/04/2026,30.55%,,,,,,,
Northline Partnership,Customer A 1.15,6/04/2026,48.00%,,,,,,,
SRK Transport,Contractor C SRK,6/04/2026,39.18%,,,,,,,
Team Global Express Pty Ltd,Customer A 1.15,6/04/2026,48.00%,,,,,,,
TFMXPRESS Pty Ltd,Customer B 1.10,6/04/2026,51.48%,,,,,,,
Total Logistics Solutions (Australia) Pty Ltd,Customer A 1.15,6/04/2026,48.00%,,,,,,,
Vellex Logistics Pty Ltd,Customer A 1.15,6/04/2026,48.00%,,,,,,,
Wettenhalls Regional Express Pty Ltd,Customer B 1.10,6/04/2026,51.48%,,,,,,,
Airroad Pty Ltd,Customer A 1.15,30/03/2026,41.63%,,,,,,,
Allied Overnight Express Pty Ltd,Customer B 1.10,30/03/2026,44.82%,,,,,,,
Amalgamated National Logistics,Customer B 1.10,30/03/2026,44.82%,,,,,,,
Aramex Linehaul Australia Pty Ltd,Customer B 1.10,30/03/2026,44.82%,,,,,,,
Bluestar Logistics Pty Ltd,Customer B 1.10,30/03/2026,44.82%,,,,,,,
Cahill Transport,Customer B 1.10,30/03/2026,44.82%,,,,,,,
Direct Freight Express Pty Ltd,Customer B 1.10,30/03/2026,44.82%,,,,,,,
Dux Manufacturing Ltd,Customer B 1.10,30/03/2026,44.82%,,,,,,,
Farm Balance Pty Ltd,Customer B 1.10,30/03/2026,44.82%,,,,,,,
Freight Specialists Pty Ltd,Customer B 1.10,30/03/2026,44.82%,,,,,,,
G&G Gippsland Pty Ltd,Contractor A GFE,30/03/2026,29.11%,,,,,,,
Hi Trans Express Pty Ltd,Customer A 1.15,30/03/2026,41.63%,,,,,,,
Hunter Express,Customer A 1.15,30/03/2026,41.63%,,,,,,,
Lakes Entrance Delivery Services,Contractor D LEDS,30/03/2026,16.31%,,,,,,,
Materia Family Trust,Contractor B Materia,30/03/2026,25.63%,,,,,,,
Northline Partnership,Customer A 1.15,30/03/2026,41.63%,,,,,,,
SRK Transport,Contractor C SRK,30/03/2026,33.54%,,,,,,,
Team Global Express Pty Ltd,Customer A 1.15,30/03/2026,41.63%,,,,,,,
TFMXPRESS Pty Ltd,Customer B 1.10,30/03/2026,44.82%,,,,,,,
Total Logistics Solutions (Australia) Pty Ltd,Customer A 1.15,30/03/2026,41.63%,,,,,,,
Vellex Logistics Pty Ltd,Customer A 1.15,30/03/2026,41.63%,,,,,,,
Wettenhalls Regional Express Pty Ltd,Customer B 1.10,30/03/2026,44.82%,,,,,,,
Airroad Pty Ltd,Customer A 1.15,23/03/2026,31.62%,,,,,,,
Allied Overnight Express Pty Ltd,Customer B 1.10,23/03/2026,34.36%,,,,,,,
Amalgamated National Logistics,Customer B 1.10,23/03/2026,34.36%,,,,,,,
Aramex Linehaul Australia Pty Ltd,Customer B 1.10,23/03/2026,34.36%,,,,,,,
Bluestar Logistics Pty Ltd,Customer B 1.10,23/03/2026,34.36%,,,,,,,
Cahill Transport,Customer B 1.10,23/03/2026,34.36%,,,,,,,
Direct Freight Express Pty Ltd,Customer B 1.10,23/03/2026,34.36%,,,,,,,
Dux Manufacturing Ltd,Customer B 1.10,23/03/2026,34.36%,,,,,,,
Farm Balance Pty Ltd,Customer B 1.10,23/03/2026,34.36%,,,,,,,
Freight Specialists Pty Ltd,Customer B 1.10,23/03/2026,34.36%,,,,,,,
G&G Gippsland Pty Ltd,Contractor A GFE,23/03/2026,20.89%,,,,,,,
Hi Trans Express Pty Ltd,Customer A 1.15,23/03/2026,31.62%,,,,,,,
Hunter Express,Customer A 1.15,23/03/2026,31.62%,,,,,,,
Lakes Entrance Delivery Services,Contractor D LEDS,23/03/2026,9.91%,,,,,,,
Materia Family Trust,Contractor B Materia,23/03/2026,17.90%,,,,,,,
Northline Partnership,Customer A 1.15,23/03/2026,31.62%,,,,,,,
SRK Transport,Contractor C SRK,23/03/2026,24.69%,,,,,,,
Team Global Express Pty Ltd,Customer A 1.15,23/03/2026,31.62%,,,,,,,
TFMXPRESS Pty Ltd,Customer B 1.10,23/03/2026,34.36%,,,,,,,
Total Logistics Solutions (Australia) Pty Ltd,Customer A 1.15,23/03/2026,31.62%,,,,,,,
Vellex Logistics Pty Ltd,Customer A 1.15,23/03/2026,31.62%,,,,,,,
Wettenhalls Regional Express Pty Ltd,Customer B 1.10,23/03/2026,34.36%,,,,,,,
Airroad Pty Ltd,Customer A 1.15,16/03/2026,19.36%,,,,,,,
Allied Overnight Express Pty Ltd,Customer B 1.10,16/03/2026,21.53%,,,,,,,
Amalgamated National Logistics,Customer B 1.10,16/03/2026,21.53%,,,,,,,
Aramex Linehaul Australia Pty Ltd,Customer B 1.10,16/03/2026,21.53%,,,,,,,
Bluestar Logistics Pty Ltd,Customer B 1.10,16/03/2026,21.53%,,,,,,,
Cahill Transport,Customer B 1.10,16/03/2026,21.53%,,,,,,,
Direct Freight Express Pty Ltd,Customer B 1.10,16/03/2026,21.53%,,,,,,,
Dux Manufacturing Ltd,Customer B 1.10,16/03/2026,21.53%,,,,,,,
Farm Balance Pty Ltd,Customer B 1.10,16/03/2026,21.53%,,,,,,,
Freight Specialists Pty Ltd,Customer B 1.10,16/03/2026,21.53%,,,,,,,
G&G Gippsland Pty Ltd,Contractor A GFE,16/03/2026,10.81%,,,,,,,
Hi Trans Express Pty Ltd,Customer A 1.15,16/03/2026,19.36%,,,,,,,
Hunter Express,Customer A 1.15,16/03/2026,19.36%,,,,,,,
Lakes Entrance Delivery Services,Contractor D LEDS,16/03/2026,2.07%,,,,,,,
Materia Family Trust,Contractor B Materia,16/03/2026,8.44%,,,,,,,
Northline Partnership,Customer A 1.15,16/03/2026,19.36%,,,,,,,
SRK Transport,Contractor C SRK,16/03/2026,13.83%,,,,,,,
Team Global Express Pty Ltd,Customer A 1.15,16/03/2026,19.36%,,,,,,,
TFMXPRESS Pty Ltd,Customer B 1.10,16/03/2026,21.53%,,,,,,,
Total Logistics Solutions (Australia) Pty Ltd,Customer A 1.15,16/03/2026,19.36%,,,,,,,
Vellex Logistics Pty Ltd,Customer A 1.15,16/03/2026,19.36%,,,,,,,
Wettenhalls Regional Express Pty Ltd,Customer B 1.10,16/03/2026,21.53%,,,,,,,
Airroad Pty Ltd,Customer A 1.15,2/03/2026,16.20%,,,,,,,
Allied Overnight Express Pty Ltd,Customer B 1.10,2/03/2026,18.23%,,,,,,,
Amalgamated National Logistics,Customer B 1.10,2/03/2026,18.23%,,,,,,,
Aramex Linehaul Australia Pty Ltd,Customer B 1.10,2/03/2026,18.23%,,,,,,,
Bluestar Logistics Pty Ltd,Customer B 1.10,2/03/2026,18.23%,,,,,,,
Cahill Transport,Customer B 1.10,2/03/2026,18.23%,,,,,,,
Direct Freight Express Pty Ltd,Customer B 1.10,2/03/2026,18.23%,,,,,,,
Dux Manufacturing Ltd,Customer B 1.10,2/03/2026,18.23%,,,,,,,
Farm Balance Pty Ltd,Customer B 1.10,2/03/2026,18.23%,,,,,,,
Freight Specialists Pty Ltd,Customer B 1.10,2/03/2026,18.23%,,,,,,,
G&G Gippsland Pty Ltd,Contractor A GFE,2/03/2026,8.21%,,,,,,,
Hi Trans Express Pty Ltd,Customer A 1.15,2/03/2026,16.20%,,,,,,,
Hunter Express,Customer A 1.15,2/03/2026,16.20%,,,,,,,
Lakes Entrance Delivery Services,Contractor D LEDS,2/03/2026,-0.09%,,,,,,,
Materia Family Trust,Contractor B Materia,2/03/2026,6.00%,,,,,,,
Northline Partnership,Customer A 1.15,2/03/2026,16.20%,,,,,,,
SRK Transport,Contractor C SRK,2/03/2026,11.04%,,,,,,,
Team Global Express Pty Ltd,Customer A 1.15,2/03/2026,16.20%,,,,,,,
TFMXPRESS Pty Ltd,Customer B 1.10,2/03/2026,18.23%,,,,,,,
Total Logistics Solutions (Australia) Pty Ltd,Customer A 1.15,2/03/2026,16.20%,,,,,,,
Vellex Logistics Pty Ltd,Customer A 1.15,2/03/2026,16.20%,,,,,,,
Wettenhalls Regional Express Pty Ltd,Customer B 1.10,2/03/2026,18.23%,,,,,,,
Airroad Pty Ltd,Customer A 1.15,2/02/2026,16.94%,,,,,,,
Allied Overnight Express Pty Ltd,Customer B 1.10,2/02/2026,19.00%,,,,,,,
Amalgamated National Logistics,Customer B 1.10,2/02/2026,19.00%,,,,,,,
Aramex Linehaul Australia Pty Ltd,Customer B 1.10,2/02/2026,19.00%,,,,,,,
Bluestar Logistics Pty Ltd,Customer B 1.10,2/02/2026,19.00%,,,,,,,
Cahill Transport,Customer B 1.10,2/02/2026,19.00%,,,,,,,
Direct Freight Express Pty Ltd,Customer B 1.10,2/02/2026,19.00%,,,,,,,
Dux Manufacturing Ltd,Customer B 1.10,2/02/2026,19.00%,,,,,,,
Farm Balance Pty Ltd,Customer B 1.10,2/02/2026,19.00%,,,,,,,
Freight Specialists Pty Ltd,Customer B 1.10,2/02/2026,19.00%,,,,,,,
G&G Gippsland Pty Ltd,Contractor A GFE,2/02/2026,8.82%,,,,,,,
Hi Trans Express Pty Ltd,Customer A 1.15,2/02/2026,16.94%,,,,,,,
Hunter Express,Customer A 1.15,2/02/2026,16.94%,,,,,,,
Lakes Entrance Delivery Services,Contractor D LEDS,2/02/2026,0.29%,,,,,,,
Materia Family Trust,Contractor B Materia,2/02/2026,6.57%,,,,,,,
Northline Partnership,Customer A 1.15,2/02/2026,16.94%,,,,,,,
SRK Transport,Contractor C SRK,2/02/2026,11.70%,,,,,,,
Team Global Express Pty Ltd,Customer A 1.15,2/02/2026,16.94%,,,,,,,
TFMXPRESS Pty Ltd,Customer B 1.10,2/02/2026,19.00%,,,,,,,
Total Logistics Solutions (Australia) Pty Ltd,Customer A 1.15,2/02/2026,16.94%,,,,,,,
Vellex Logistics Pty Ltd,Customer A 1.15,2/02/2026,16.94%,,,,,,,
Wettenhalls Regional Express Pty Ltd,Customer B 1.10,2/02/2026,19.00%,,,,,,,
Airroad Pty Ltd,Customer A 1.15,5/01/2026,18.02%,,,,,,,
Allied Overnight Express Pty Ltd,Customer B 1.10,5/01/2026,20.14%,,,,,,,
Amalgamated National Logistics,Customer B 1.10,5/01/2026,20.14%,,,,,,,
Aramex Linehaul Australia Pty Ltd,Customer B 1.10,5/01/2026,20.14%,,,,,,,
Bluestar Logistics Pty Ltd,Customer B 1.10,5/01/2026,20.14%,,,,,,,
Cahill Transport,Customer B 1.10,5/01/2026,20.14%,,,,,,,
Direct Freight Express Pty Ltd,Customer B 1.10,5/01/2026,20.14%,,,,,,,
Dux Manufacturing Ltd,Customer B 1.10,5/01/2026,20.14%,,,,,,,
Farm Balance Pty Ltd,Customer B 1.10,5/01/2026,20.14%,,,,,,,
Freight Specialists Pty Ltd,Customer B 1.10,5/01/2026,20.14%,,,,,,,
G&G Gippsland Pty Ltd,Contractor A GFE,5/01/2026,9.72%,,,,,,,
Hi Trans Express Pty Ltd,Customer A 1.15,5/01/2026,18.02%,,,,,,,
Hunter Express,Customer A 1.15,5/01/2026,18.02%,,,,,,,
Lakes Entrance Delivery Services,Contractor D LEDS,5/01/2026,0.89%,,,,,,,
Materia Family Trust,Contractor B Materia,5/01/2026,7.41%,,,,,,,
Northline Partnership,Customer A 1.15,5/01/2026,18.02%,,,,,,,
SRK Transport,Contractor C SRK,5/01/2026,12.66%,,,,,,,
Team Global Express Pty Ltd,Customer A 1.15,5/01/2026,18.02%,,,,,,,
TFMXPRESS Pty Ltd,Customer B 1.10,5/01/2026,20.14%,,,,,,,
Total Logistics Solutions (Australia) Pty Ltd,Customer A 1.15,5/01/2026,18.02%,,,,,,,
Vellex Logistics Pty Ltd,Customer A 1.15,5/01/2026,18.02%,,,,,,,
Wettenhalls Regional Express Pty Ltd,Customer B 1.10,5/01/2026,20.14%,,,,,,,
Airroad Pty Ltd,Customer A 1.15,8/12/2025,17.68%,,,,,,,
Allied Overnight Express Pty Ltd,Customer B 1.10,8/12/2025,19.78%,,,,,,,
Amalgamated National Logistics,Customer B 1.10,8/12/2025,19.78%,,,,,,,
Aramex Linehaul Australia Pty Ltd,Customer B 1.10,8/12/2025,19.78%,,,,,,,
Bluestar Logistics Pty Ltd,Customer B 1.10,8/12/2025,19.78%,,,,,,,
Cahill Transport,Customer B 1.10,8/12/2025,19.78%,,,,,,,
Direct Freight Express Pty Ltd,Customer B 1.10,8/12/2025,19.78%,,,,,,,
Dux Manufacturing Ltd,Customer B 1.10,8/12/2025,19.78%,,,,,,,
Farm Balance Pty Ltd,Customer B 1.10,8/12/2025,19.78%,,,,,,,
Freight Specialists Pty Ltd,Customer B 1.10,8/12/2025,19.78%,,,,,,,
G&G Gippsland Pty Ltd,Contractor A GFE,8/12/2025,9.43%,,,,,,,
Hi Trans Express Pty Ltd,Customer A 1.15,8/12/2025,17.68%,,,,,,,
Hunter Express,Customer A 1.15,8/12/2025,17.68%,,,,,,,
Lakes Entrance Delivery Services,Contractor D LEDS,8/12/2025,1.47%,,,,,,,
Materia Family Trust,Contractor B Materia,8/12/2025,7.14%,,,,,,,
Northline Partnership,Customer A 1.15,8/12/2025,17.68%,,,,,,,
SRK Transport,Contractor C SRK,8/12/2025,12.35%,,,,,,,
Team Global Express Pty Ltd,Customer A 1.15,8/12/2025,17.68%,,,,,,,
TFMXPRESS Pty Ltd,Customer B 1.10,8/12/2025,19.78%,,,,,,,
Total Logistics Solutions (Australia) Pty Ltd,Customer A 1.15,8/12/2025,17.68%,,,,,,,
Vellex Logistics Pty Ltd,Customer A 1.15,8/12/2025,17.68%,,,,,,,
Wettenhalls Regional Express Pty Ltd,Customer B 1.10,8/12/2025,19.78%,,,,,,,
Airroad Pty Ltd,Customer A 1.15,3/11/2025,18.13%,,,,,,,
Allied Overnight Express Pty Ltd,Customer B 1.10,3/11/2025,20.25%,,,,,,,
Amalgamated National Logistics,Customer B 1.10,3/11/2025,20.25%,,,,,,,
Aramex Linehaul Australia Pty Ltd,Customer B 1.10,3/11/2025,20.25%,,,,,,,
Bluestar Logistics Pty Ltd,Customer B 1.10,3/11/2025,20.25%,,,,,,,
Cahill Transport,Customer B 1.10,3/11/2025,20.25%,,,,,,,
Direct Freight Express Pty Ltd,Customer B 1.10,3/11/2025,20.25%,,,,,,,
Dux Manufacturing Ltd,Customer B 1.10,3/11/2025,20.25%,,,,,,,
Farm Balance Pty Ltd,Customer B 1.10,3/11/2025,20.25%,,,,,,,
Freight Specialists Pty Ltd,Customer B 1.10,3/11/2025,20.25%,,,,,,,
G&G Gippsland Pty Ltd,Contractor A GFE,3/11/2025,9.80%,,,,,,,
Hi Trans Express Pty Ltd,Customer A 1.15,3/11/2025,18.13%,,,,,,,
Hunter Express,Customer A 1.15,3/11/2025,18.13%,,,,,,,
Lakes Entrance Delivery Services,Contractor D LEDS,3/11/2025,0.54%,,,,,,,
Materia Family Trust,Contractor B Materia,3/11/2025,7.49%,,,,,,,
Northline Partnership,Customer A 1.15,3/11/2025,18.13%,,,,,,,
SRK Transport,Contractor C SRK,3/11/2025,12.75%,,,,,,,
Team Global Express Pty Ltd,Customer A 1.15,3/11/2025,18.13%,,,,,,,
TFMXPRESS Pty Ltd,Customer B 1.10,3/11/2025,20.25%,,,,,,,
Total Logistics Solutions (Australia) Pty Ltd,Customer A 1.15,3/11/2025,18.13%,,,,,,,
Vellex Logistics Pty Ltd,Customer A 1.15,3/11/2025,18.13%,,,,,,,
Wettenhalls Regional Express Pty Ltd,Customer B 1.10,3/11/2025,20.25%,,,,,,,
Airroad Pty Ltd,Customer A 1.15,6/10/2025,18.85%,,,,,,,
Allied Overnight Express Pty Ltd,Customer B 1.10,6/10/2025,21.01%,,,,,,,
Amalgamated National Logistics,Customer B 1.10,6/10/2025,21.01%,,,,,,,
Aramex Linehaul Australia Pty Ltd,Customer B 1.10,6/10/2025,21.01%,,,,,,,
Bluestar Logistics Pty Ltd,Customer B 1.10,6/10/2025,21.01%,,,,,,,
Cahill Transport,Customer B 1.10,6/10/2025,21.01%,,,,,,,
Direct Freight Express Pty Ltd,Customer B 1.10,6/10/2025,21.01%,,,,,,,
Dux Manufacturing Ltd,Customer B 1.10,6/10/2025,21.01%,,,,,,,
Farm Balance Pty Ltd,Customer B 1.10,6/10/2025,21.01%,,,,,,,
Freight Specialists Pty Ltd,Customer B 1.10,6/10/2025,21.01%,,,,,,,
G&G Gippsland Pty Ltd,Contractor A GFE,6/10/2025,10.40%,,,,,,,
Hi Trans Express Pty Ltd,Customer A 1.15,6/10/2025,18.85%,,,,,,,
Hunter Express,Customer A 1.15,6/10/2025,18.85%,,,,,,,
Lakes Entrance Delivery Services,Contractor D LEDS,6/10/2025,1.76%,,,,,,,
Materia Family Trust,Contractor B Materia,6/10/2025,8.05%,,,,,,,
Northline Partnership,Customer A 1.15,6/10/2025,18.85%,,,,,,,
SRK Transport,Contractor C SRK,6/10/2025,13.39%,,,,,,,
Team Global Express Pty Ltd,Customer A 1.15,6/10/2025,18.85%,,,,,,,
TFMXPRESS Pty Ltd,Customer B 1.10,6/10/2025,21.01%,,,,,,,
Total Logistics Solutions (Australia) Pty Ltd,Customer A 1.15,6/10/2025,18.85%,,,,,,,
Vellex Logistics Pty Ltd,Customer A 1.15,6/10/2025,18.85%,,,,,,,
Wettenhalls Regional Express Pty Ltd,Customer B 1.10,6/10/2025,21.01%,,,,,,,
Airroad Pty Ltd,Customer A 1.15,8/09/2025,18.52%,,,,,,,
Allied Overnight Express Pty Ltd,Customer B 1.10,8/09/2025,20.66%,,,,,,,
Amalgamated National Logistics,Customer B 1.10,8/09/2025,20.66%,,,,,,,
Aramex Linehaul Australia Pty Ltd,Customer B 1.10,8/09/2025,20.66%,,,,,,,
Bluestar Logistics Pty Ltd,Customer B 1.10,8/09/2025,20.66%,,,,,,,
Cahill Transport,Customer B 1.10,8/09/2025,20.66%,,,,,,,
Direct Freight Express Pty Ltd,Customer B 1.10,8/09/2025,20.66%,,,,,,,
Dux Manufacturing Ltd,Customer B 1.10,8/09/2025,20.66%,,,,,,,
Farm Balance Pty Ltd,Customer B 1.10,8/09/2025,20.66%,,,,,,,
Freight Specialists Pty Ltd,Customer B 1.10,8/09/2025,20.66%,,,,,,,
G&G Gippsland Pty Ltd,Contractor A GFE,8/09/2025,10.13%,,,,,,,
Hi Trans Express Pty Ltd,Customer A 1.15,8/09/2025,18.52%,,,,,,,
Hunter Express,Customer A 1.15,8/09/2025,18.52%,,,,,,,
Lakes Entrance Delivery Services,Contractor D LEDS,8/09/2025,1.61%,,,,,,,
Materia Family Trust,Contractor B Materia,8/09/2025,7.79%,,,,,,,
Northline Partnership,Customer A 1.15,8/09/2025,18.52%,,,,,,,
SRK Transport,Contractor C SRK,8/09/2025,13.10%,,,,,,,
Team Global Express Pty Ltd,Customer A 1.15,8/09/2025,18.52%,,,,,,,
TFMXPRESS Pty Ltd,Customer B 1.10,8/09/2025,20.66%,,,,,,,
Total Logistics Solutions (Australia) Pty Ltd,Customer A 1.15,8/09/2025,18.52%,,,,,,,
Vellex Logistics Pty Ltd,Customer A 1.15,8/09/2025,18.52%,,,,,,,
Wettenhalls Regional Express Pty Ltd,Customer B 1.10,8/09/2025,20.66%,,,,,,,
Airroad Pty Ltd,Customer A 1.15,4/08/2025,18.17%,,,,,,,
Allied Overnight Express Pty Ltd,Customer B 1.10,4/08/2025,20.29%,,,,,,,
Amalgamated National Logistics,Customer B 1.10,4/08/2025,20.29%,,,,,,,
Aramex Linehaul Australia Pty Ltd,Customer B 1.10,4/08/2025,20.29%,,,,,,,
Bluestar Logistics Pty Ltd,Customer B 1.10,4/08/2025,20.29%,,,,,,,
Cahill Transport,Customer B 1.10,4/08/2025,20.29%,,,,,,,
Direct Freight Express Pty Ltd,Customer B 1.10,4/08/2025,20.29%,,,,,,,
Dux Manufacturing Ltd,Customer B 1.10,4/08/2025,20.29%,,,,,,,
Farm Balance Pty Ltd,Customer B 1.10,4/08/2025,20.29%,,,,,,,
Freight Specialists Pty Ltd,Customer B 1.10,4/08/2025,20.29%,,,,,,,
G&G Gippsland Pty Ltd,Contractor A GFE,4/08/2025,9.83%,,,,,,,
Hi Trans Express Pty Ltd,Customer A 1.15,4/08/2025,18.17%,,,,,,,
Hunter Express,Customer A 1.15,4/08/2025,18.17%,,,,,,,
Lakes Entrance Delivery Services,Contractor D LEDS,4/08/2025,1.25%,,,,,,,
Materia Family Trust,Contractor B Materia,4/08/2025,7.52%,,,,,,,
Northline Partnership,Customer A 1.15,4/08/2025,18.17%,,,,,,,
SRK Transport,Contractor C SRK,4/08/2025,12.78%,,,,,,,
Team Global Express Pty Ltd,Customer A 1.15,4/08/2025,18.17%,,,,,,,
TFMXPRESS Pty Ltd,Customer B 1.10,4/08/2025,20.29%,,,,,,,
Total Logistics Solutions (Australia) Pty Ltd,Customer A 1.15,4/08/2025,18.17%,,,,,,,
Vellex Logistics Pty Ltd,Customer A 1.15,4/08/2025,18.17%,,,,,,,
Wettenhalls Regional Express Pty Ltd,Customer B 1.10,4/08/2025,20.29%,,,,,,,
Airroad Pty Ltd,Customer A 1.15,7/07/2025,17.09%,,,,,,,
Allied Overnight Express Pty Ltd,Customer B 1.10,7/07/2025,19.16%,,,,,,,
Amalgamated National Logistics,Customer B 1.10,7/07/2025,19.16%,,,,,,,
Aramex Linehaul Australia Pty Ltd,Customer B 1.10,7/07/2025,19.16%,,,,,,,
Bluestar Logistics Pty Ltd,Customer B 1.10,7/07/2025,19.16%,,,,,,,
Cahill Transport,Customer B 1.10,7/07/2025,19.16%,,,,,,,
Direct Freight Express Pty Ltd,Customer B 1.10,7/07/2025,19.16%,,,,,,,
Dux Manufacturing Ltd,Customer B 1.10,7/07/2025,19.16%,,,,,,,
Farm Balance Pty Ltd,Customer B 1.10,7/07/2025,19.16%,,,,,,,
Freight Specialists Pty Ltd,Customer B 1.10,7/07/2025,19.16%,,,,,,,
G&G Gippsland Pty Ltd,Contractor A GFE,7/07/2025,8.94%,,,,,,,
Hi Trans Express Pty Ltd,Customer A 1.15,7/07/2025,17.09%,,,,,,,
Hunter Express,Customer A 1.15,7/07/2025,17.09%,,,,,,,
Lakes Entrance Delivery Services,Contractor D LEDS,7/07/2025,1.85%,,,,,,,
Materia Family Trust,Contractor B Materia,7/07/2025,6.68%,,,,,,,
Northline Partnership,Customer A 1.15,7/07/2025,17.09%,,,,,,,
SRK Transport,Contractor C SRK,7/07/2025,11.83%,,,,,,,
Team Global Express Pty Ltd,Customer A 1.15,7/07/2025,17.09%,,,,,,,
TFMXPRESS Pty Ltd,Customer B 1.10,7/07/2025,19.16%,,,,,,,
Total Logistics Solutions (Australia) Pty Ltd,Customer A 1.15,7/07/2025,17.09%,,,,,,,
Vellex Logistics Pty Ltd,Customer A 1.15,7/07/2025,17.09%,,,,,,,
Wettenhalls Regional Express Pty Ltd,Customer B 1.10,7/07/2025,19.16%,,,,,,,
Airroad Pty Ltd,Customer A 1.15,2/06/2025,16.92%,,,,,,,
Allied Overnight Express Pty Ltd,Customer B 1.10,2/06/2025,18.98%,,,,,,,
Amalgamated National Logistics,Customer B 1.10,2/06/2025,18.98%,,,,,,,
Aramex Linehaul Australia Pty Ltd,Customer B 1.10,2/06/2025,18.98%,,,,,,,
Bluestar Logistics Pty Ltd,Customer B 1.10,2/06/2025,18.98%,,,,,,,
Cahill Transport,Customer B 1.10,2/06/2025,18.98%,,,,,,,
Direct Freight Express Pty Ltd,Customer B 1.10,2/06/2025,18.98%,,,,,,,
Dux Manufacturing Ltd,Customer B 1.10,2/06/2025,18.98%,,,,,,,
Farm Balance Pty Ltd,Customer B 1.10,2/06/2025,18.98%,,,,,,,
Freight Specialists Pty Ltd,Customer B 1.10,2/06/2025,18.98%,,,,,,,
G&G Gippsland Pty Ltd,Contractor A GFE,2/06/2025,8.81%,,,,,,,
Hi Trans Express Pty Ltd,Customer A 1.15,2/06/2025,16.92%,,,,,,,
Hunter Express,Customer A 1.15,2/06/2025,16.92%,,,,,,,
Lakes Entrance Delivery Services,Contractor D LEDS,2/06/2025,0.30%,,,,,,,
Materia Family Trust,Contractor B Materia,2/06/2025,6.56%,,,,,,,
Northline Partnership,Customer A 1.15,2/06/2025,16.92%,,,,,,,
SRK Transport,Contractor C SRK,2/06/2025,11.68%,,,,,,,
Team Global Express Pty Ltd,Customer A 1.15,2/06/2025,16.92%,,,,,,,
TFMXPRESS Pty Ltd,Customer B 1.10,2/06/2025,18.98%,,,,,,,
Total Logistics Solutions (Australia) Pty Ltd,Customer A 1.15,2/06/2025,16.92%,,,,,,,
Vellex Logistics Pty Ltd,Customer A 1.15,2/06/2025,16.92%,,,,,,,
Wettenhalls Regional Express Pty Ltd,Customer B 1.10,2/06/2025,18.98%,,,,,,,
Airroad Pty Ltd,Customer A 1.15,5/05/2025,17.91%,,,,,,,
Allied Overnight Express Pty Ltd,Customer B 1.10,5/05/2025,20.01%,,,,,,,
Amalgamated National Logistics,Customer B 1.10,5/05/2025,20.01%,,,,,,,
Aramex Linehaul Australia Pty Ltd,Customer B 1.10,5/05/2025,20.01%,,,,,,,
Bluestar Logistics Pty Ltd,Customer B 1.10,5/05/2025,20.01%,,,,,,,
Cahill Transport,Customer B 1.10,5/05/2025,20.01%,,,,,,,
Direct Freight Express Pty Ltd,Customer B 1.10,5/05/2025,20.01%,,,,,,,
Dux Manufacturing Ltd,Customer B 1.10,5/05/2025,20.01%,,,,,,,
Farm Balance Pty Ltd,Customer B 1.10,5/05/2025,20.01%,,,,,,,
Freight Specialists Pty Ltd,Customer B 1.10,5/05/2025,20.01%,,,,,,,
G&G Gippsland Pty Ltd,Contractor A GFE,5/05/2025,9.62%,,,,,,,
Hi Trans Express Pty Ltd,Customer A 1.15,5/05/2025,17.91%,,,,,,,
Hunter Express,Customer A 1.15,5/05/2025,17.91%,,,,,,,
Lakes Entrance Delivery Services,Contractor D LEDS,5/05/2025,0.97%,,,,,,,
Materia Family Trust,Contractor B Materia,5/05/2025,7.32%,,,,,,,
Northline Partnership,Customer A 1.15,5/05/2025,17.91%,,,,,,,
SRK Transport,Contractor C SRK,5/05/2025,12.55%,,,,,,,
Team Global Express Pty Ltd,Customer A 1.15,5/05/2025,17.91%,,,,,,,
TFMXPRESS Pty Ltd,Customer B 1.10,5/05/2025,20.01%,,,,,,,
Total Logistics Solutions (Australia) Pty Ltd,Customer A 1.15,5/05/2025,17.91%,,,,,,,
Vellex Logistics Pty Ltd,Customer A 1.15,5/05/2025,17.91%,,,,,,,
Wettenhalls Regional Express Pty Ltd,Customer B 1.10,5/05/2025,20.01%,,,,,,,
Airroad Pty Ltd,Customer A 1.15,7/04/2025,18.78%,,,,,,,
Allied Overnight Express Pty Ltd,Customer B 1.10,7/04/2025,20.93%,,,,,,,
Amalgamated National Logistics,Customer B 1.10,7/04/2025,20.93%,,,,,,,
Aramex Linehaul Australia Pty Ltd,Customer B 1.10,7/04/2025,20.93%,,,,,,,
Bluestar Logistics Pty Ltd,Customer B 1.10,7/04/2025,20.93%,,,,,,,
Cahill Transport,Customer B 1.10,7/04/2025,20.93%,,,,,,,
Direct Freight Express Pty Ltd,Customer B 1.10,7/04/2025,20.93%,,,,,,,
Dux Manufacturing Ltd,Customer B 1.10,7/04/2025,20.93%,,,,,,,
Farm Balance Pty Ltd,Customer B 1.10,7/04/2025,20.93%,,,,,,,
Freight Specialists Pty Ltd,Customer B 1.10,7/04/2025,20.93%,,,,,,,
G&G Gippsland Pty Ltd,Contractor A GFE,7/04/2025,10.34%,,,,,,,
Hi Trans Express Pty Ltd,Customer A 1.15,7/04/2025,18.78%,,,,,,,
Hunter Express,Customer A 1.15,7/04/2025,18.78%,,,,,,,
Lakes Entrance Delivery Services,Contractor D LEDS,7/04/2025,1.33%,,,,,,,
Materia Family Trust,Contractor B Materia,7/04/2025,7.99%,,,,,,,
Northline Partnership,Customer A 1.15,7/04/2025,18.78%,,,,,,,
SRK Transport,Contractor C SRK,7/04/2025,13.32%,,,,,,,
Team Global Express Pty Ltd,Customer A 1.15,7/04/2025,18.78%,,,,,,,
TFMXPRESS Pty Ltd,Customer B 1.10,7/04/2025,20.93%,,,,,,,
Total Logistics Solutions (Australia) Pty Ltd,Customer A 1.15,7/04/2025,18.78%,,,,,,,
Vellex Logistics Pty Ltd,Customer A 1.15,7/04/2025,18.78%,,,,,,,
Wettenhalls Regional Express Pty Ltd,Customer B 1.10,7/04/2025,20.93%,,,,,,,
Airroad Pty Ltd,Customer A 1.15,3/03/2025,19.28%,,,,,,,
Allied Overnight Express Pty Ltd,Customer B 1.10,3/03/2025,21.45%,,,,,,,
Amalgamated National Logistics,Customer B 1.10,3/03/2025,21.45%,,,,,,,
Aramex Linehaul Australia Pty Ltd,Customer B 1.10,3/03/2025,21.45%,,,,,,,
Bluestar Logistics Pty Ltd,Customer B 1.10,3/03/2025,21.45%,,,,,,,
Cahill Transport,Customer B 1.10,3/03/2025,21.45%,,,,,,,
Direct Freight Express Pty Ltd,Customer B 1.10,3/03/2025,21.45%,,,,,,,
Dux Manufacturing Ltd,Customer B 1.10,3/03/2025,21.45%,,,,,,,
Farm Balance Pty Ltd,Customer B 1.10,3/03/2025,21.45%,,,,,,,
Freight Specialists Pty Ltd,Customer B 1.10,3/03/2025,21.45%,,,,,,,
G&G Gippsland Pty Ltd,Contractor A GFE,3/03/2025,10.75%,,,,,,,
Hi Trans Express Pty Ltd,Customer A 1.15,3/03/2025,19.28%,,,,,,,
Hunter Express,Customer A 1.15,3/03/2025,19.28%,,,,,,,
Lakes Entrance Delivery Services,Contractor D LEDS,3/03/2025,1.92%,,,,,,,
Materia Family Trust,Contractor B Materia,3/03/2025,8.38%,,,,,,,
Northline Partnership,Customer A 1.15,3/03/2025,19.28%,,,,,,,
SRK Transport,Contractor C SRK,3/03/2025,13.77%,,,,,,,
Team Global Express Pty Ltd,Customer A 1.15,3/03/2025,19.28%,,,,,,,
TFMXPRESS Pty Ltd,Customer B 1.10,3/03/2025,21.45%,,,,,,,
Total Logistics Solutions (Australia) Pty Ltd,Customer A 1.15,3/03/2025,19.28%,,,,,,,
Vellex Logistics Pty Ltd,Customer A 1.15,3/03/2025,19.28%,,,,,,,
Wettenhalls Regional Express Pty Ltd,Customer B 1.10,3/03/2025,21.45%,,,,,,,
Airroad Pty Ltd,Customer A 1.15,3/02/2025,19.15%,,,,,,,
Allied Overnight Express Pty Ltd,Customer B 1.10,3/02/2025,21.32%,,,,,,,
Amalgamated National Logistics,Customer B 1.10,3/02/2025,21.32%,,,,,,,
Aramex Linehaul Australia Pty Ltd,Customer B 1.10,3/02/2025,21.32%,,,,,,,
Bluestar Logistics Pty Ltd,Customer B 1.10,3/02/2025,21.32%,,,,,,,
Cahill Transport,Customer B 1.10,3/02/2025,21.32%,,,,,,,
Direct Freight Express Pty Ltd,Customer B 1.10,3/02/2025,21.32%,,,,,,,
Dux Manufacturing Ltd,Customer B 1.10,3/02/2025,21.32%,,,,,,,
Farm Balance Pty Ltd,Customer B 1.10,3/02/2025,21.32%,,,,,,,
Freight Specialists Pty Ltd,Customer B 1.10,3/02/2025,21.32%,,,,,,,
G&G Gippsland Pty Ltd,Contractor A GFE,3/02/2025,10.64%,,,,,,,
Hi Trans Express Pty Ltd,Customer A 1.15,3/02/2025,19.15%,,,,,,,
Hunter Express,Customer A 1.15,3/02/2025,19.15%,,,,,,,
Lakes Entrance Delivery Services,Contractor D LEDS,3/02/2025,2.42%,,,,,,,
Materia Family Trust,Contractor B Materia,3/02/2025,8.28%,,,,,,,
Northline Partnership,Customer A 1.15,3/02/2025,19.15%,,,,,,,
SRK Transport,Contractor C SRK,3/02/2025,13.65%,,,,,,,
Team Global Express Pty Ltd,Customer A 1.15,3/02/2025,19.15%,,,,,,,
TFMXPRESS Pty Ltd,Customer B 1.10,3/02/2025,21.32%,,,,,,,
Total Logistics Solutions (Australia) Pty Ltd,Customer A 1.15,3/02/2025,19.15%,,,,,,,
Vellex Logistics Pty Ltd,Customer A 1.15,3/02/2025,19.15%,,,,,,,
Wettenhalls Regional Express Pty Ltd,Customer B 1.10,3/02/2025,21.32%,,,,,,,
Airroad Pty Ltd,Customer A 1.15,6/01/2025,17.20%,,,,,,,
Allied Overnight Express Pty Ltd,Customer B 1.10,6/01/2025,19.28%,,,,,,,
Amalgamated National Logistics,Customer B 1.10,6/01/2025,19.28%,,,,,,,
Aramex Linehaul Australia Pty Ltd,Customer B 1.10,6/01/2025,19.28%,,,,,,,
Bluestar Logistics Pty Ltd,Customer B 1.10,6/01/2025,19.28%,,,,,,,
Cahill Transport,Customer B 1.10,6/01/2025,19.28%,,,,,,,
Direct Freight Express Pty Ltd,Customer B 1.10,6/01/2025,19.28%,,,,,,,
Dux Manufacturing Ltd,Customer B 1.10,6/01/2025,19.28%,,,,,,,
Farm Balance Pty Ltd,Customer B 1.10,6/01/2025,19.28%,,,,,,,
Freight Specialists Pty Ltd,Customer B 1.10,6/01/2025,19.28%,,,,,,,
G&G Gippsland Pty Ltd,Contractor A GFE,6/01/2025,9.04%,,,,,,,
Hi Trans Express Pty Ltd,Customer A 1.15,6/01/2025,17.20%,,,,,,,
Hunter Express,Customer A 1.15,6/01/2025,17.20%,,,,,,,
Lakes Entrance Delivery Services,Contractor D LEDS,6/01/2025,1.33%,,,,,,,
Materia Family Trust,Contractor B Materia,6/01/2025,6.77%,,,,,,,
Northline Partnership,Customer A 1.15,6/01/2025,17.20%,,,,,,,
SRK Transport,Contractor C SRK,6/01/2025,11.93%,,,,,,,
Team Global Express Pty Ltd,Customer A 1.15,6/01/2025,17.20%,,,,,,,
TFMXPRESS Pty Ltd,Customer B 1.10,6/01/2025,19.28%,,,,,,,
Total Logistics Solutions (Australia) Pty Ltd,Customer A 1.15,6/01/2025,17.20%,,,,,,,
Vellex Logistics Pty Ltd,Customer A 1.15,6/01/2025,17.20%,,,,,,,
Wettenhalls Regional Express Pty Ltd,Customer B 1.10,6/01/2025,19.28%,,,,,,,
Airroad Pty Ltd,Customer A 1.15,2/12/2024,16.51%,,,,,,,
Allied Overnight Express Pty Ltd,Customer B 1.10,2/12/2024,18.55%,,,,,,,
Amalgamated National Logistics,Customer B 1.10,2/12/2024,18.55%,,,,,,,
Aramex Linehaul Australia Pty Ltd,Customer B 1.10,2/12/2024,18.55%,,,,,,,
Bluestar Logistics Pty Ltd,Customer B 1.10,2/12/2024,18.55%,,,,,,,
Cahill Transport,Customer B 1.10,2/12/2024,18.55%,,,,,,,
Direct Freight Express Pty Ltd,Customer B 1.10,2/12/2024,18.55%,,,,,,,
Dux Manufacturing Ltd,Customer B 1.10,2/12/2024,18.55%,,,,,,,
Farm Balance Pty Ltd,Customer B 1.10,2/12/2024,18.55%,,,,,,,
Freight Specialists Pty Ltd,Customer B 1.10,2/12/2024,18.55%,,,,,,,
G&G Gippsland Pty Ltd,Contractor A GFE,2/12/2024,8.47%,,,,,,,
Hi Trans Express Pty Ltd,Customer A 1.15,2/12/2024,16.51%,,,,,,,
Hunter Express,Customer A 1.15,2/12/2024,16.51%,,,,,,,
Lakes Entrance Delivery Services,Contractor D LEDS,2/12/2024,0.32%,,,,,,,
Materia Family Trust,Contractor B Materia,2/12/2024,6.24%,,,,,,,
Northline Partnership,Customer A 1.15,2/12/2024,16.51%,,,,,,,
SRK Transport,Contractor C SRK,2/12/2024,11.31%,,,,,,,
Team Global Express Pty Ltd,Customer A 1.15,2/12/2024,16.51%,,,,,,,
TFMXPRESS Pty Ltd,Customer B 1.10,2/12/2024,18.55%,,,,,,,
Total Logistics Solutions (Australia) Pty Ltd,Customer A 1.15,2/12/2024,16.51%,,,,,,,
Vellex Logistics Pty Ltd,Customer A 1.15,2/12/2024,16.51%,,,,,,,
Wettenhalls Regional Express Pty Ltd,Customer B 1.10,2/12/2024,18.55%,,,,,,,
Airroad Pty Ltd,Customer A 1.15,4/11/2024,16.55%,,,,,,,
Allied Overnight Express Pty Ltd,Customer B 1.10,4/11/2024,18.60%,,,,,,,
Amalgamated National Logistics,Customer B 1.10,4/11/2024,18.60%,,,,,,,
Aramex Linehaul Australia Pty Ltd,Customer B 1.10,4/11/2024,18.60%,,,,,,,
Bluestar Logistics Pty Ltd,Customer B 1.10,4/11/2024,18.60%,,,,,,,
Cahill Transport,Customer B 1.10,4/11/2024,18.60%,,,,,,,
Direct Freight Express Pty Ltd,Customer B 1.10,4/11/2024,18.60%,,,,,,,
Dux Manufacturing Ltd,Customer B 1.10,4/11/2024,18.60%,,,,,,,
Farm Balance Pty Ltd,Customer B 1.10,4/11/2024,18.60%,,,,,,,
Freight Specialists Pty Ltd,Customer B 1.10,4/11/2024,18.60%,,,,,,,
G&G Gippsland Pty Ltd,Contractor A GFE,4/11/2024,8.51%,,,,,,,
Hi Trans Express Pty Ltd,Customer A 1.15,4/11/2024,16.55%,,,,,,,
Hunter Express,Customer A 1.15,4/11/2024,16.55%,,,,,,,
Lakes Entrance Delivery Services,Contractor D LEDS,4/11/2024,0.22%,,,,,,,
Materia Family Trust,Contractor B Materia,4/11/2024,6.27%,,,,,,,
Northline Partnership,Customer A 1.15,4/11/2024,16.55%,,,,,,,
SRK Transport,Contractor C SRK,4/11/2024,11.36%,,,,,,,
Team Global Express Pty Ltd,Customer A 1.15,4/11/2024,16.55%,,,,,,,
TFMXPRESS Pty Ltd,Customer B 1.10,4/11/2024,18.60%,,,,,,,
Total Logistics Solutions (Australia) Pty Ltd,Customer A 1.15,4/11/2024,16.55%,,,,,,,
Vellex Logistics Pty Ltd,Customer A 1.15,4/11/2024,16.55%,,,,,,,
Wettenhalls Regional Express Pty Ltd,Customer B 1.10,4/11/2024,18.60%,,,,,,,
Airroad Pty Ltd,Customer A 1.15,7/10/2024,17.10%,,,,,,,
Allied Overnight Express Pty Ltd,Customer B 1.10,7/10/2024,19.17%,,,,,,,
Amalgamated National Logistics,Customer B 1.10,7/10/2024,19.17%,,,,,,,
Aramex Linehaul Australia Pty Ltd,Customer B 1.10,7/10/2024,19.17%,,,,,,,
Bluestar Logistics Pty Ltd,Customer B 1.10,7/10/2024,19.17%,,,,,,,
Cahill Transport,Customer B 1.10,7/10/2024,19.17%,,,,,,,
Direct Freight Express Pty Ltd,Customer B 1.10,7/10/2024,19.17%,,,,,,,
Dux Manufacturing Ltd,Customer B 1.10,7/10/2024,19.17%,,,,,,,
Farm Balance Pty Ltd,Customer B 1.10,7/10/2024,19.17%,,,,,,,
Freight Specialists Pty Ltd,Customer B 1.10,7/10/2024,19.17%,,,,,,,
G&G Gippsland Pty Ltd,Contractor A GFE,7/10/2024,8.96%,,,,,,,
Hi Trans Express Pty Ltd,Customer A 1.15,7/10/2024,17.10%,,,,,,,
Hunter Express,Customer A 1.15,7/10/2024,17.10%,,,,,,,
Lakes Entrance Delivery Services,Contractor D LEDS,7/10/2024,0.35%,,,,,,,
Materia Family Trust,Contractor B Materia,7/10/2024,6.69%,,,,,,,
Northline Partnership,Customer A 1.15,7/10/2024,17.10%,,,,,,,
SRK Transport,Contractor C SRK,7/10/2024,11.84%,,,,,,,
Team Global Express Pty Ltd,Customer A 1.15,7/10/2024,17.10%,,,,,,,
TFMXPRESS Pty Ltd,Customer B 1.10,7/10/2024,19.17%,,,,,,,
Total Logistics Solutions (Australia) Pty Ltd,Customer A 1.15,7/10/2024,17.10%,,,,,,,
Vellex Logistics Pty Ltd,Customer A 1.15,7/10/2024,17.10%,,,,,,,
Wettenhalls Regional Express Pty Ltd,Customer B 1.10,7/10/2024,19.17%,,,,,,,
Airroad Pty Ltd,Customer A 1.15,2/09/2024,19.08%,,,,,,,
Allied Overnight Express Pty Ltd,Customer B 1.10,2/09/2024,21.24%,,,,,,,
Amalgamated National Logistics,Customer B 1.10,2/09/2024,21.24%,,,,,,,
Aramex Linehaul Australia Pty Ltd,Customer B 1.10,2/09/2024,21.24%,,,,,,,
Bluestar Logistics Pty Ltd,Customer B 1.10,2/09/2024,21.24%,,,,,,,
Cahill Transport,Customer B 1.10,2/09/2024,21.24%,,,,,,,
Direct Freight Express Pty Ltd,Customer B 1.10,2/09/2024,21.24%,,,,,,,
Dux Manufacturing Ltd,Customer B 1.10,2/09/2024,21.24%,,,,,,,
Farm Balance Pty Ltd,Customer B 1.10,2/09/2024,21.24%,,,,,,,
Freight Specialists Pty Ltd,Customer B 1.10,2/09/2024,21.24%,,,,,,,
G&G Gippsland Pty Ltd,Contractor A GFE,2/09/2024,10.58%,,,,,,,
Hi Trans Express Pty Ltd,Customer A 1.15,2/09/2024,19.08%,,,,,,,
Hunter Express,Customer A 1.15,2/09/2024,19.08%,,,,,,,
Lakes Entrance Delivery Services,Contractor D LEDS,2/09/2024,1.60%,,,,,,,
Materia Family Trust,Contractor B Materia,2/09/2024,8.22%,,,,,,,
Northline Partnership,Customer A 1.15,2/09/2024,19.08%,,,,,,,
SRK Transport,Contractor C SRK,2/09/2024,13.59%,,,,,,,
Team Global Express Pty Ltd,Customer A 1.15,2/09/2024,19.08%,,,,,,,
TFMXPRESS Pty Ltd,Customer B 1.10,2/09/2024,21.24%,,,,,,,
Total Logistics Solutions (Australia) Pty Ltd,Customer A 1.15,2/09/2024,19.08%,,,,,,,
Vellex Logistics Pty Ltd,Customer A 1.15,2/09/2024,19.08%,,,,,,,
Wettenhalls Regional Express Pty Ltd,Customer B 1.10,2/09/2024,21.24%,,,,,,,
Airroad Pty Ltd,Customer A 1.15,5/08/2024,19.80%,,,,,,,
Allied Overnight Express Pty Ltd,Customer B 1.10,5/08/2024,21.99%,,,,,,,
Amalgamated National Logistics,Customer B 1.10,5/08/2024,21.99%,,,,,,,
Aramex Linehaul Australia Pty Ltd,Customer B 1.10,5/08/2024,21.99%,,,,,,,
Bluestar Logistics Pty Ltd,Customer B 1.10,5/08/2024,21.99%,,,,,,,
Cahill Transport,Customer B 1.10,5/08/2024,21.99%,,,,,,,
Direct Freight Express Pty Ltd,Customer B 1.10,5/08/2024,21.99%,,,,,,,
Dux Manufacturing Ltd,Customer B 1.10,5/08/2024,21.99%,,,,,,,
Farm Balance Pty Ltd,Customer B 1.10,5/08/2024,21.99%,,,,,,,
Freight Specialists Pty Ltd,Customer B 1.10,5/08/2024,21.99%,,,,,,,
G&G Gippsland Pty Ltd,Contractor A GFE,5/08/2024,11.17%,,,,,,,
Hi Trans Express Pty Ltd,Customer A 1.15,5/08/2024,19.80%,,,,,,,
Hunter Express,Customer A 1.15,5/08/2024,19.80%,,,,,,,
Lakes Entrance Delivery Services,Contractor D LEDS,5/08/2024,2.07%,,,,,,,
Materia Family Trust,Contractor B Materia,5/08/2024,8.77%,,,,,,,
Northline Partnership,Customer A 1.15,5/08/2024,19.80%,,,,,,,
SRK Transport,Contractor C SRK,5/08/2024,14.22%,,,,,,,
Team Global Express Pty Ltd,Customer A 1.15,5/08/2024,19.80%,,,,,,,
TFMXPRESS Pty Ltd,Customer B 1.10,5/08/2024,21.99%,,,,,,,
Total Logistics Solutions (Australia) Pty Ltd,Customer A 1.15,5/08/2024,19.80%,,,,,,,
Vellex Logistics Pty Ltd,Customer A 1.15,5/08/2024,19.80%,,,,,,,
Wettenhalls Regional Express Pty Ltd,Customer B 1.10,5/08/2024,21.99%,,,,,,,
Airroad Pty Ltd,Customer A 1.15,8/07/2024,19.82%,,,,,,,
Allied Overnight Express Pty Ltd,Customer B 1.10,8/07/2024,22.02%,,,,,,,
Amalgamated National Logistics,Customer B 1.10,8/07/2024,22.02%,,,,,,,
Aramex Linehaul Australia Pty Ltd,Customer B 1.10,8/07/2024,22.02%,,,,,,,
Bluestar Logistics Pty Ltd,Customer B 1.10,8/07/2024,22.02%,,,,,,,
Cahill Transport,Customer B 1.10,8/07/2024,22.02%,,,,,,,
Direct Freight Express Pty Ltd,Customer B 1.10,8/07/2024,22.02%,,,,,,,
Dux Manufacturing Ltd,Customer B 1.10,8/07/2024,22.02%,,,,,,,
Farm Balance Pty Ltd,Customer B 1.10,8/07/2024,22.02%,,,,,,,
Freight Specialists Pty Ltd,Customer B 1.10,8/07/2024,22.02%,,,,,,,
G&G Gippsland Pty Ltd,Contractor A GFE,8/07/2024,11.19%,,,,,,,
Hi Trans Express Pty Ltd,Customer A 1.15,8/07/2024,19.82%,,,,,,,
Hunter Express,Customer A 1.15,8/07/2024,19.82%,,,,,,,
Lakes Entrance Delivery Services,Contractor D LEDS,8/07/2024,2.47%,,,,,,,
Materia Family Trust,Contractor B Materia,8/07/2024,8.79%,,,,,,,
Northline Partnership,Customer A 1.15,8/07/2024,19.82%,,,,,,,
SRK Transport,Contractor C SRK,8/07/2024,14.25%,,,,,,,
Team Global Express Pty Ltd,Customer A 1.15,8/07/2024,19.82%,,,,,,,
TFMXPRESS Pty Ltd,Customer B 1.10,8/07/2024,22.02%,,,,,,,
Total Logistics Solutions (Australia) Pty Ltd,Customer A 1.15,8/07/2024,19.82%,,,,,,,
Vellex Logistics Pty Ltd,Customer A 1.15,8/07/2024,19.82%,,,,,,,
Wettenhalls Regional Express Pty Ltd,Customer B 1.10,8/07/2024,22.02%,,,,,,,
Airroad Pty Ltd,Customer A 1.15,3/06/2024,21.03%,,,,,,,
Allied Overnight Express Pty Ltd,Customer B 1.10,3/06/2024,23.29%,,,,,,,
Amalgamated National Logistics,Customer B 1.10,3/06/2024,23.29%,,,,,,,
Aramex Linehaul Australia Pty Ltd,Customer B 1.10,3/06/2024,23.29%,,,,,,,
Bluestar Logistics Pty Ltd,Customer B 1.10,3/06/2024,23.29%,,,,,,,
Cahill Transport,Customer B 1.10,3/06/2024,23.29%,,,,,,,
Direct Freight Express Pty Ltd,Customer B 1.10,3/06/2024,23.29%,,,,,,,
Dux Manufacturing Ltd,Customer B 1.10,3/06/2024,23.29%,,,,,,,
Farm Balance Pty Ltd,Customer B 1.10,3/06/2024,23.29%,,,,,,,
Freight Specialists Pty Ltd,Customer B 1.10,3/06/2024,23.29%,,,,,,,
G&G Gippsland Pty Ltd,Contractor A GFE,3/06/2024,12.19%,,,,,,,
Hi Trans Express Pty Ltd,Customer A 1.15,3/06/2024,21.03%,,,,,,,
Hunter Express,Customer A 1.15,3/06/2024,21.03%,,,,,,,
Lakes Entrance Delivery Services,Contractor D LEDS,3/06/2024,2.72%,,,,,,,
Materia Family Trust,Contractor B Materia,3/06/2024,9.73%,,,,,,,
Northline Partnership,Customer A 1.15,3/06/2024,21.03%,,,,,,,
SRK Transport,Contractor C SRK,3/06/2024,15.32%,,,,,,,
Team Global Express Pty Ltd,Customer A 1.15,3/06/2024,21.03%,,,,,,,
TFMXPRESS Pty Ltd,Customer B 1.10,3/06/2024,23.29%,,,,,,,
Total Logistics Solutions (Australia) Pty Ltd,Customer A 1.15,3/06/2024,21.03%,,,,,,,
Vellex Logistics Pty Ltd,Customer A 1.15,3/06/2024,21.03%,,,,,,,
Wettenhalls Regional Express Pty Ltd,Customer B 1.10,3/06/2024,23.29%,,,,,,,
Airroad Pty Ltd,Customer A 1.15,6/05/2024,21.39%,,,,,,,
Allied Overnight Express Pty Ltd,Customer B 1.10,6/05/2024,23.65%,,,,,,,
Amalgamated National Logistics,Customer B 1.10,6/05/2024,23.65%,,,,,,,
Aramex Linehaul Australia Pty Ltd,Customer B 1.10,6/05/2024,23.65%,,,,,,,
Bluestar Logistics Pty Ltd,Customer B 1.10,6/05/2024,23.65%,,,,,,,
Cahill Transport,Customer B 1.10,6/05/2024,23.65%,,,,,,,
Direct Freight Express Pty Ltd,Customer B 1.10,6/05/2024,23.65%,,,,,,,
Dux Manufacturing Ltd,Customer B 1.10,6/05/2024,23.65%,,,,,,,
Farm Balance Pty Ltd,Customer B 1.10,6/05/2024,23.65%,,,,,,,
Freight Specialists Pty Ltd,Customer B 1.10,6/05/2024,23.65%,,,,,,,
G&G Gippsland Pty Ltd,Contractor A GFE,6/05/2024,12.48%,,,,,,,
Hi Trans Express Pty Ltd,Customer A 1.15,6/05/2024,21.39%,,,,,,,
Hunter Express,Customer A 1.15,6/05/2024,21.39%,,,,,,,
Lakes Entrance Delivery Services,Contractor D LEDS,6/05/2024,3.48%,,,,,,,
Materia Family Trust,Contractor B Materia,6/05/2024,10.00%,,,,,,,
Northline Partnership,Customer A 1.15,6/05/2024,21.39%,,,,,,,
SRK Transport,Contractor C SRK,6/05/2024,15.63%,,,,,,,
Team Global Express Pty Ltd,Customer A 1.15,6/05/2024,21.39%,,,,,,,
TFMXPRESS Pty Ltd,Customer B 1.10,6/05/2024,23.65%,,,,,,,
Total Logistics Solutions (Australia) Pty Ltd,Customer A 1.15,6/05/2024,21.39%,,,,,,,
Vellex Logistics Pty Ltd,Customer A 1.15,6/05/2024,21.39%,,,,,,,
Wettenhalls Regional Express Pty Ltd,Customer B 1.10,6/05/2024,23.65%,,,,,,,
Airroad Pty Ltd,Customer A 1.15,8/04/2024,21.30%,,,,,,,
Allied Overnight Express Pty Ltd,Customer B 1.10,8/04/2024,23.57%,,,,,,,
Amalgamated National Logistics,Customer B 1.10,8/04/2024,23.57%,,,,,,,
Aramex Linehaul Australia Pty Ltd,Customer B 1.10,8/04/2024,23.57%,,,,,,,
Bluestar Logistics Pty Ltd,Customer B 1.10,8/04/2024,23.57%,,,,,,,
Cahill Transport,Customer B 1.10,8/04/2024,23.57%,,,,,,,
Direct Freight Express Pty Ltd,Customer B 1.10,8/04/2024,23.57%,,,,,,,
Dux Manufacturing Ltd,Customer B 1.10,8/04/2024,23.57%,,,,,,,
Farm Balance Pty Ltd,Customer B 1.10,8/04/2024,23.57%,,,,,,,
Freight Specialists Pty Ltd,Customer B 1.10,8/04/2024,23.57%,,,,,,,
G&G Gippsland Pty Ltd,Contractor A GFE,8/04/2024,12.41%,,,,,,,
Hi Trans Express Pty Ltd,Customer A 1.15,8/04/2024,21.30%,,,,,,,
Hunter Express,Customer A 1.15,8/04/2024,21.30%,,,,,,,
Lakes Entrance Delivery Services,Contractor D LEDS,8/04/2024,3.26%,,,,,,,
Materia Family Trust,Contractor B Materia,8/04/2024,9.94%,,,,,,,
Northline Partnership,Customer A 1.15,8/04/2024,21.30%,,,,,,,
SRK Transport,Contractor C SRK,8/04/2024,15.56%,,,,,,,
Team Global Express Pty Ltd,Customer A 1.15,8/04/2024,21.30%,,,,,,,
TFMXPRESS Pty Ltd,Customer B 1.10,8/04/2024,23.57%,,,,,,,
Total Logistics Solutions (Australia) Pty Ltd,Customer A 1.15,8/04/2024,21.30%,,,,,,,
Vellex Logistics Pty Ltd,Customer A 1.15,8/04/2024,21.30%,,,,,,,
Wettenhalls Regional Express Pty Ltd,Customer B 1.10,8/04/2024,23.57%,,,,,,,
Airroad Pty Ltd,Customer A 1.15,4/03/2024,21.29%,,,,,,,
Allied Overnight Express Pty Ltd,Customer B 1.10,4/03/2024,23.55%,,,,,,,
Amalgamated National Logistics,Customer B 1.10,4/03/2024,23.55%,,,,,,,
Aramex Linehaul Australia Pty Ltd,Customer B 1.10,4/03/2024,23.55%,,,,,,,
Bluestar Logistics Pty Ltd,Customer B 1.10,4/03/2024,23.55%,,,,,,,
Cahill Transport,Customer B 1.10,4/03/2024,23.55%,,,,,,,
Direct Freight Express Pty Ltd,Customer B 1.10,4/03/2024,23.55%,,,,,,,
Dux Manufacturing Ltd,Customer B 1.10,4/03/2024,23.55%,,,,,,,
Farm Balance Pty Ltd,Customer B 1.10,4/03/2024,23.55%,,,,,,,
Freight Specialists Pty Ltd,Customer B 1.10,4/03/2024,23.55%,,,,,,,
G&G Gippsland Pty Ltd,Contractor A GFE,4/03/2024,12.40%,,,,,,,
Hi Trans Express Pty Ltd,Customer A 1.15,4/03/2024,21.29%,,,,,,,
Hunter Express,Customer A 1.15,4/03/2024,21.29%,,,,,,,
Lakes Entrance Delivery Services,Contractor D LEDS,4/03/2024,3.55%,,,,,,,
Materia Family Trust,Contractor B Materia,4/03/2024,9.93%,,,,,,,
Northline Partnership,Customer A 1.15,4/03/2024,21.29%,,,,,,,
SRK Transport,Contractor C SRK,4/03/2024,15.54%,,,,,,,
Team Global Express Pty Ltd,Customer A 1.15,4/03/2024,21.29%,,,,,,,
TFMXPRESS Pty Ltd,Customer B 1.10,4/03/2024,23.55%,,,,,,,
Total Logistics Solutions (Australia) Pty Ltd,Customer A 1.15,4/03/2024,21.29%,,,,,,,
Vellex Logistics Pty Ltd,Customer A 1.15,4/03/2024,21.29%,,,,,,,
Wettenhalls Regional Express Pty Ltd,Customer B 1.10,4/03/2024,23.55%,,,,,,,
Airroad Pty Ltd,Customer A 1.15,5/02/2024,19.49%,,,,,,,
Allied Overnight Express Pty Ltd,Customer B 1.10,5/02/2024,21.68%,,,,,,,
Amalgamated National Logistics,Customer B 1.10,5/02/2024,21.68%,,,,,,,
Aramex Linehaul Australia Pty Ltd,Customer B 1.10,5/02/2024,21.68%,,,,,,,
Bluestar Logistics Pty Ltd,Customer B 1.10,5/02/2024,21.68%,,,,,,,
Cahill Transport,Customer B 1.10,5/02/2024,21.68%,,,,,,,
Direct Freight Express Pty Ltd,Customer B 1.10,5/02/2024,21.68%,,,,,,,
Dux Manufacturing Ltd,Customer B 1.10,5/02/2024,21.68%,,,,,,,
Farm Balance Pty Ltd,Customer B 1.10,5/02/2024,21.68%,,,,,,,
Freight Specialists Pty Ltd,Customer B 1.10,5/02/2024,21.68%,,,,,,,
G&G Gippsland Pty Ltd,Contractor A GFE,5/02/2024,10.92%,,,,,,,
Hi Trans Express Pty Ltd,Customer A 1.15,5/02/2024,19.49%,,,,,,,
Hunter Express,Customer A 1.15,5/02/2024,19.49%,,,,,,,
Lakes Entrance Delivery Services,Contractor D LEDS,5/02/2024,2.34%,,,,,,,
Materia Family Trust,Contractor B Materia,5/02/2024,8.54%,,,,,,,
Northline Partnership,Customer A 1.15,5/02/2024,19.49%,,,,,,,
SRK Transport,Contractor C SRK,5/02/2024,13.96%,,,,,,,
Team Global Express Pty Ltd,Customer A 1.15,5/02/2024,19.49%,,,,,,,
TFMXPRESS Pty Ltd,Customer B 1.10,5/02/2024,21.68%,,,,,,,
Total Logistics Solutions (Australia) Pty Ltd,Customer A 1.15,5/02/2024,19.49%,,,,,,,
Vellex Logistics Pty Ltd,Customer A 1.15,5/02/2024,19.49%,,,,,,,
Wettenhalls Regional Express Pty Ltd,Customer B 1.10,5/02/2024,21.68%,,,,,,,
Airroad Pty Ltd,Customer A 1.15,8/01/2024,21.54%,,,,,,,
Allied Overnight Express Pty Ltd,Customer B 1.10,8/01/2024,23.81%,,,,,,,
Amalgamated National Logistics,Customer B 1.10,8/01/2024,23.81%,,,,,,,
Aramex Linehaul Australia Pty Ltd,Customer B 1.10,8/01/2024,23.81%,,,,,,,
Bluestar Logistics Pty Ltd,Customer B 1.10,8/01/2024,23.81%,,,,,,,
Cahill Transport,Customer B 1.10,8/01/2024,23.81%,,,,,,,
Direct Freight Express Pty Ltd,Customer B 1.10,8/01/2024,23.81%,,,,,,,
Dux Manufacturing Ltd,Customer B 1.10,8/01/2024,23.81%,,,,,,,
Farm Balance Pty Ltd,Customer B 1.10,8/01/2024,23.81%,,,,,,,
Freight Specialists Pty Ltd,Customer B 1.10,8/01/2024,23.81%,,,,,,,
G&G Gippsland Pty Ltd,Contractor A GFE,8/01/2024,12.60%,,,,,,,
Hi Trans Express Pty Ltd,Customer A 1.15,8/01/2024,21.54%,,,,,,,
Hunter Express,Customer A 1.15,8/01/2024,21.54%,,,,,,,
Lakes Entrance Delivery Services,Contractor D LEDS,8/01/2024,3.01%,,,,,,,
Materia Family Trust,Contractor B Materia,8/01/2024,10.12%,,,,,,,
Northline Partnership,Customer A 1.15,8/01/2024,21.54%,,,,,,,
SRK Transport,Contractor C SRK,8/01/2024,15.76%,,,,,,,
Team Global Express Pty Ltd,Customer A 1.15,8/01/2024,21.54%,,,,,,,
TFMXPRESS Pty Ltd,Customer B 1.10,8/01/2024,23.81%,,,,,,,
Total Logistics Solutions (Australia) Pty Ltd,Customer A 1.15,8/01/2024,21.54%,,,,,,,
Vellex Logistics Pty Ltd,Customer A 1.15,8/01/2024,21.54%,,,,,,,
Wettenhalls Regional Express Pty Ltd,Customer B 1.10,8/01/2024,23.81%,,,,,,,
Airroad Pty Ltd,Customer A 1.15,4/12/2023,25.11%,,,,,,,
Allied Overnight Express Pty Ltd,Customer B 1.10,4/12/2023,27.55%,,,,,,,
Amalgamated National Logistics,Customer B 1.10,4/12/2023,27.55%,,,,,,,
Aramex Linehaul Australia Pty Ltd,Customer B 1.10,4/12/2023,27.55%,,,,,,,
Bluestar Logistics Pty Ltd,Customer B 1.10,4/12/2023,27.55%,,,,,,,
Cahill Transport,Customer B 1.10,4/12/2023,27.55%,,,,,,,
Direct Freight Express Pty Ltd,Customer B 1.10,4/12/2023,27.55%,,,,,,,
Dux Manufacturing Ltd,Customer B 1.10,4/12/2023,27.55%,,,,,,,
Farm Balance Pty Ltd,Customer B 1.10,4/12/2023,27.55%,,,,,,,
Freight Specialists Pty Ltd,Customer B 1.10,4/12/2023,27.55%,,,,,,,
G&G Gippsland Pty Ltd,Contractor A GFE,4/12/2023,15.54%,,,,,,,
Hi Trans Express Pty Ltd,Customer A 1.15,4/12/2023,25.11%,,,,,,,
Hunter Express,Customer A 1.15,4/12/2023,25.11%,,,,,,,
Lakes Entrance Delivery Services,Contractor D LEDS,4/12/2023,4.92%,,,,,,,
Materia Family Trust,Contractor B Materia,4/12/2023,12.88%,,,,,,,
Northline Partnership,Customer A 1.15,4/12/2023,25.11%,,,,,,,
SRK Transport,Contractor C SRK,4/12/2023,18.93%,,,,,,,
Team Global Express Pty Ltd,Customer A 1.15,4/12/2023,25.11%,,,,,,,
TFMXPRESS Pty Ltd,Customer B 1.10,4/12/2023,27.55%,,,,,,,
Total Logistics Solutions (Australia) Pty Ltd,Customer A 1.15,4/12/2023,25.11%,,,,,,,
Vellex Logistics Pty Ltd,Customer A 1.15,4/12/2023,25.11%,,,,,,,
Wettenhalls Regional Express Pty Ltd,Customer B 1.10,4/12/2023,27.55%,,,,,,,
Airroad Pty Ltd,Customer A 1.15,6/11/2023,26.96%,,,,,,,
Allied Overnight Express Pty Ltd,Customer B 1.10,6/11/2023,29.48%,,,,,,,
Amalgamated National Logistics,Customer B 1.10,6/11/2023,29.48%,,,,,,,
Aramex Linehaul Australia Pty Ltd,Customer B 1.10,6/11/2023,29.48%,,,,,,,
Bluestar Logistics Pty Ltd,Customer B 1.10,6/11/2023,29.48%,,,,,,,
Cahill Transport,Customer B 1.10,6/11/2023,29.48%,,,,,,,
Direct Freight Express Pty Ltd,Customer B 1.10,6/11/2023,29.48%,,,,,,,
Dux Manufacturing Ltd,Customer B 1.10,6/11/2023,29.48%,,,,,,,
Farm Balance Pty Ltd,Customer B 1.10,6/11/2023,29.48%,,,,,,,
Freight Specialists Pty Ltd,Customer B 1.10,6/11/2023,29.48%,,,,,,,
G&G Gippsland Pty Ltd,Contractor A GFE,6/11/2023,17.06%,,,,,,,
Hi Trans Express Pty Ltd,Customer A 1.15,6/11/2023,26.96%,,,,,,,
Hunter Express,Customer A 1.15,6/11/2023,26.96%,,,,,,,
Lakes Entrance Delivery Services,Contractor D LEDS,6/11/2023,6.71%,,,,,,,
Materia Family Trust,Contractor B Materia,6/11/2023,14.30%,,,,,,,
Northline Partnership,Customer A 1.15,6/11/2023,26.96%,,,,,,,
SRK Transport,Contractor C SRK,6/11/2023,20.56%,,,,,,,
Team Global Express Pty Ltd,Customer A 1.15,6/11/2023,26.96%,,,,,,,
TFMXPRESS Pty Ltd,Customer B 1.10,6/11/2023,29.48%,,,,,,,
Total Logistics Solutions (Australia) Pty Ltd,Customer A 1.15,6/11/2023,26.96%,,,,,,,
Vellex Logistics Pty Ltd,Customer A 1.15,6/11/2023,26.96%,,,,,,,
Wettenhalls Regional Express Pty Ltd,Customer B 1.10,6/11/2023,29.48%,,,,,,,
Airroad Pty Ltd,Customer A 1.15,2/10/2023,25.84%,,,,,,,
Allied Overnight Express Pty Ltd,Customer B 1.10,2/10/2023,28.31%,,,,,,,
Amalgamated National Logistics,Customer B 1.10,2/10/2023,28.31%,,,,,,,
Aramex Linehaul Australia Pty Ltd,Customer B 1.10,2/10/2023,28.31%,,,,,,,
Bluestar Logistics Pty Ltd,Customer B 1.10,2/10/2023,28.31%,,,,,,,
Cahill Transport,Customer B 1.10,2/10/2023,28.31%,,,,,,,
Direct Freight Express Pty Ltd,Customer B 1.10,2/10/2023,28.31%,,,,,,,
Dux Manufacturing Ltd,Customer B 1.10,2/10/2023,28.31%,,,,,,,
Farm Balance Pty Ltd,Customer B 1.10,2/10/2023,28.31%,,,,,,,
Freight Specialists Pty Ltd,Customer B 1.10,2/10/2023,28.31%,,,,,,,
G&G Gippsland Pty Ltd,Contractor A GFE,2/10/2023,16.13%,,,,,,,
Hi Trans Express Pty Ltd,Customer A 1.15,2/10/2023,25.84%,,,,,,,
Hunter Express,Customer A 1.15,2/10/2023,25.84%,,,,,,,
Lakes Entrance Delivery Services,Contractor D LEDS,2/10/2023,7.00%,,,,,,,
Materia Family Trust,Contractor B Materia,2/10/2023,13.44%,,,,,,,
Northline Partnership,Customer A 1.15,2/10/2023,25.84%,,,,,,,
SRK Transport,Contractor C SRK,2/10/2023,19.57%,,,,,,,
Team Global Express Pty Ltd,Customer A 1.15,2/10/2023,25.84%,,,,,,,
TFMXPRESS Pty Ltd,Customer B 1.10,2/10/2023,28.31%,,,,,,,
Total Logistics Solutions (Australia) Pty Ltd,Customer A 1.15,2/10/2023,25.84%,,,,,,,
Vellex Logistics Pty Ltd,Customer A 1.15,2/10/2023,25.84%,,,,,,,
Wettenhalls Regional Express Pty Ltd,Customer B 1.10,2/10/2023,28.31%,,,,,,,
Airroad Pty Ltd,Customer A 1.15,4/09/2023,23.29%,,,,,,,
Allied Overnight Express Pty Ltd,Customer B 1.10,4/09/2023,25.64%,,,,,,,
Amalgamated National Logistics,Customer B 1.10,4/09/2023,25.64%,,,,,,,
Aramex Linehaul Australia Pty Ltd,Customer B 1.10,4/09/2023,25.64%,,,,,,,
Bluestar Logistics Pty Ltd,Customer B 1.10,4/09/2023,25.64%,,,,,,,
Cahill Transport,Customer B 1.10,4/09/2023,25.64%,,,,,,,
Direct Freight Express Pty Ltd,Customer B 1.10,4/09/2023,25.64%,,,,,,,
Dux Manufacturing Ltd,Customer B 1.10,4/09/2023,25.64%,,,,,,,
Farm Balance Pty Ltd,Customer B 1.10,4/09/2023,25.64%,,,,,,,
Freight Specialists Pty Ltd,Customer B 1.10,4/09/2023,25.64%,,,,,,,
G&G Gippsland Pty Ltd,Contractor A GFE,4/09/2023,14.04%,,,,,,,
Hi Trans Express Pty Ltd,Customer A 1.15,4/09/2023,23.29%,,,,,,,
Hunter Express,Customer A 1.15,4/09/2023,23.29%,,,,,,,
Lakes Entrance Delivery Services,Contractor D LEDS,4/09/2023,5.68%,,,,,,,
Materia Family Trust,Contractor B Materia,4/09/2023,11.47%,,,,,,,
Northline Partnership,Customer A 1.15,4/09/2023,23.29%,,,,,,,
SRK Transport,Contractor C SRK,4/09/2023,17.31%,,,,,,,
Team Global Express Pty Ltd,Customer A 1.15,4/09/2023,23.29%,,,,,,,
TFMXPRESS Pty Ltd,Customer B 1.10,4/09/2023,25.64%,,,,,,,
Total Logistics Solutions (Australia) Pty Ltd,Customer A 1.15,4/09/2023,23.29%,,,,,,,
Vellex Logistics Pty Ltd,Customer A 1.15,4/09/2023,23.29%,,,,,,,
Wettenhalls Regional Express Pty Ltd,Customer B 1.10,4/09/2023,25.64%,,,,,,,
Airroad Pty Ltd,Customer A 1.15,7/08/2023,17.66%,,,,,,,
Allied Overnight Express Pty Ltd,Customer B 1.10,7/08/2023,19.76%,,,,,,,
Amalgamated National Logistics,Customer B 1.10,7/08/2023,19.76%,,,,,,,
Aramex Linehaul Australia Pty Ltd,Customer B 1.10,7/08/2023,19.76%,,,,,,,
Bluestar Logistics Pty Ltd,Customer B 1.10,7/08/2023,19.76%,,,,,,,
Cahill Transport,Customer B 1.10,7/08/2023,19.76%,,,,,,,
Direct Freight Express Pty Ltd,Customer B 1.10,7/08/2023,19.76%,,,,,,,
Dux Manufacturing Ltd,Customer B 1.10,7/08/2023,19.76%,,,,,,,
Farm Balance Pty Ltd,Customer B 1.10,7/08/2023,19.76%,,,,,,,
Freight Specialists Pty Ltd,Customer B 1.10,7/08/2023,19.76%,,,,,,,
G&G Gippsland Pty Ltd,Contractor A GFE,7/08/2023,9.42%,,,,,,,
Hi Trans Express Pty Ltd,Customer A 1.15,7/08/2023,17.66%,,,,,,,
Hunter Express,Customer A 1.15,7/08/2023,17.66%,,,,,,,
Lakes Entrance Delivery Services,Contractor D LEDS,7/08/2023,1.57%,,,,,,,
Materia Family Trust,Contractor B Materia,7/08/2023,7.13%,,,,,,,
Northline Partnership,Customer A 1.15,7/08/2023,17.66%,,,,,,,
SRK Transport,Contractor C SRK,7/08/2023,12.34%,,,,,,,
Team Global Express Pty Ltd,Customer A 1.15,7/08/2023,17.66%,,,,,,,
TFMXPRESS Pty Ltd,Customer B 1.10,7/08/2023,19.76%,,,,,,,
Total Logistics Solutions (Australia) Pty Ltd,Customer A 1.15,7/08/2023,17.66%,,,,,,,
Vellex Logistics Pty Ltd,Customer A 1.15,7/08/2023,17.66%,,,,,,,
Wettenhalls Regional Express Pty Ltd,Customer B 1.10,7/08/2023,19.76%,,,,,,,
Airroad Pty Ltd,Customer A 1.15,10/07/2023,17.35%,,,,,,,
Allied Overnight Express Pty Ltd,Customer B 1.10,10/07/2023,19.43%,,,,,,,
Amalgamated National Logistics,Customer B 1.10,10/07/2023,19.43%,,,,,,,
Aramex Linehaul Australia Pty Ltd,Customer B 1.10,10/07/2023,19.43%,,,,,,,
Bluestar Logistics Pty Ltd,Customer B 1.10,10/07/2023,19.43%,,,,,,,
Cahill Transport,Customer B 1.10,10/07/2023,19.43%,,,,,,,
Direct Freight Express Pty Ltd,Customer B 1.10,10/07/2023,19.43%,,,,,,,
Dux Manufacturing Ltd,Customer B 1.10,10/07/2023,19.43%,,,,,,,
Farm Balance Pty Ltd,Customer B 1.10,10/07/2023,19.43%,,,,,,,
Freight Specialists Pty Ltd,Customer B 1.10,10/07/2023,19.43%,,,,,,,
G&G Gippsland Pty Ltd,Contractor A GFE,10/07/2023,9.16%,,,,,,,
Hi Trans Express Pty Ltd,Customer A 1.15,10/07/2023,17.35%,,,,,,,
Hunter Express,Customer A 1.15,10/07/2023,17.35%,,,,,,,
Lakes Entrance Delivery Services,Contractor D LEDS,10/07/2023,0.76%,,,,,,,
Materia Family Trust,Contractor B Materia,10/07/2023,6.89%,,,,,,,
Northline Partnership,Customer A 1.15,10/07/2023,17.35%,,,,,,,
SRK Transport,Contractor C SRK,10/07/2023,12.06%,,,,,,,
Team Global Express Pty Ltd,Customer A 1.15,10/07/2023,17.35%,,,,,,,
TFMXPRESS Pty Ltd,Customer B 1.10,10/07/2023,19.43%,,,,,,,
Total Logistics Solutions (Australia) Pty Ltd,Customer A 1.15,10/07/2023,17.35%,,,,,,,
Vellex Logistics Pty Ltd,Customer A 1.15,10/07/2023,17.35%,,,,,,,
Wettenhalls Regional Express Pty Ltd,Customer B 1.10,10/07/2023,19.43%,,,,,,,
Airroad Pty Ltd,Customer A 1.15,5/06/2023,18.34%,,,,,,,
Allied Overnight Express Pty Ltd,Customer B 1.10,5/06/2023,20.47%,,,,,,,
Amalgamated National Logistics,Customer B 1.10,5/06/2023,20.47%,,,,,,,
Aramex Linehaul Australia Pty Ltd,Customer B 1.10,5/06/2023,20.47%,,,,,,,
Bluestar Logistics Pty Ltd,Customer B 1.10,5/06/2023,20.47%,,,,,,,
Cahill Transport,Customer B 1.10,5/06/2023,20.47%,,,,,,,
Direct Freight Express Pty Ltd,Customer B 1.10,5/06/2023,20.47%,,,,,,,
Dux Manufacturing Ltd,Customer B 1.10,5/06/2023,20.47%,,,,,,,
Farm Balance Pty Ltd,Customer B 1.10,5/06/2023,20.47%,,,,,,,
Freight Specialists Pty Ltd,Customer B 1.10,5/06/2023,20.47%,,,,,,,
G&G Gippsland Pty Ltd,Contractor A GFE,5/06/2023,9.98%,,,,,,,
Hi Trans Express Pty Ltd,Customer A 1.15,5/06/2023,18.34%,,,,,,,
Hunter Express,Customer A 1.15,5/06/2023,18.34%,,,,,,,
Lakes Entrance Delivery Services,Contractor D LEDS,5/06/2023,0.98%,,,,,,,
Materia Family Trust,Contractor B Materia,5/06/2023,7.65%,,,,,,,
Northline Partnership,Customer A 1.15,5/06/2023,18.34%,,,,,,,
SRK Transport,Contractor C SRK,5/06/2023,12.93%,,,,,,,
Team Global Express Pty Ltd,Customer A 1.15,5/06/2023,18.34%,,,,,,,
TFMXPRESS Pty Ltd,Customer B 1.10,5/06/2023,20.47%,,,,,,,
Total Logistics Solutions (Australia) Pty Ltd,Customer A 1.15,5/06/2023,18.34%,,,,,,,
Vellex Logistics Pty Ltd,Customer A 1.15,5/06/2023,18.34%,,,,,,,
Wettenhalls Regional Express Pty Ltd,Customer B 1.10,5/06/2023,20.47%,,,,,,,
